Āwherika	Africa
Nipono	Japan
Amerika ki te Tonga	South America
Nōwei	Norway
Ingarangi	England
Koterana	Scotland
Wēra	Wales
Airangi	Republic of Ireland
Hanekeria	Hungary
Pāniora	Spain
Hononga-o-Amerika	United States
Pehiamu	Belgium
Rakapuō	Luxembourg
George Washington	George Washington
Hinerangi	Finland
Huitene	Sweden
Tenemāka	Denmark
Pōrana	Poland
Rituānia	Lithuania
Itāria	Italy
Ateria	Austria
Kirihi	Greece
Tākei	Turkey
Potukara	Portugal
Ūropi	Europe
Āhia	Asia
Nōta Amerika	North America
Wikipedia	Wikipedia
Hōrana	Netherlands
New York City	New York City
Takiwā o Columbia	Washington, D.C.
San Francisco, Karapōnia	San Francisco
Pearīni	Berlin
Los Angeles, Karapōnia	Los Angeles
Bern	Bern
Barack Obama	Barack Obama
Rānana	London
Āporo	Apple
Parī	Paris
Abraham Lincoln	Abraham Lincoln
Mehiko	Mexico
Te Moana-nui-a-Kiwa	Pacific Ocean
Karapōnia	California
Boston	Boston
Kohi-tātea	January
Hui-tanguru	February
Poutū-te-rangi	March
Kēnia	Kenya
Paenga-whāwhā	April
Haratua	May
Pipiri	June
Hōngongoi	July
Here-turi-kōkā	August
Mahuru	September
Whiringa-ā-nuku	October
Whiringa-ā-rangi	November
Hakihea	December
Wīwī	France
Kīngitanga Kotahi	United Kingdom
Haina	China
Reo Wīwī	French language
Parīhi	Brazil
Rūhia	Russia
Ika moana	Cetacea
Alabama	Alabama
São Paulo	São Paulo
Tiamana	Germany
Pērara	Belarus
Reo Tiamana	German language
Tiorangi	Iceland
Etonia	Estonia
Rāwhia	Latvia
Ūkareinga	Ukraine
Tīekia	Czech Republic
Horowākia	Slovakia
Horowinia	Slovenia
Vilnius	Vilnius
Morotawa	Moldova
Romeinia	Romania
Purukāria	Bulgaria
Rōma	Rome
Makerōnia	Republic of Macedonia
Arapeinia	Albania
Greenland	Greenland
Koroātia	Croatia
Pōngia-Herekōmina	Bosnia and Herzegovina
Nuuk	Nuuk
Atepaihānia	Azerbaijan
Andorra	Andorra
Haipara	Cyprus
Hōria	Georgia (country)
Katatānga	Kazakhstan
Mārata	Malta
Manako	Monaco
Montenegro	Montenegro
Poho o Pita	Vatican City
Hato Marino	San Marino
Paruhi	Brussels
Initonīhia	Indonesia
Reo Tākei	Turkish language
Āwherika-ki-te-tonga	South Africa
Pakangakite	Warsaw
Wai	Water
Hiri	Chile
Ihu Karaiti	Jesus
Hingapoa	Singapore
Pūtaiao	Science
Rīkeneteina	Liechtenstein
Skopje	Skopje
Āmenia	Armenia
Serbia	Serbia
Ahitereiria	Australia
Āketina	Argentina
Perū	Peru
Kōrea-ki-te-raki	North Korea
Kamapōtia	Cambodia
Pea (huarākau)	Pear
Ljubljana	Ljubljana
Kotahitanga o Ūropi	European Union
Sofia	Sofia
Tāone	City
Hauwai (pūmotu)	Hydrogen
Haumāmā	Helium
Wikimedia Commons	Wikimedia Commons
Konuuku	Beryllium
Tau	Year
Ōhoro	Oslo
Katowice	Katowice
Rihipone	Lisbon
Pūtiwha	Boron
Waro	Carbon
Hauota	Nitrogen
Hāora	Oxygen
Mohikau	Moscow
Haukōwhai	Fluorine
Haukura	Neon
Konutai	Sodium
Konupora	Magnesium
Aotearoa	New Zealand
Īnia	India
Takawai	Silicon
Pūtūtaewhetū	Phosphorus
Rino	Iron
Pungatara	Sulfur
Hāmoa ki te Uru	Samoa
Haumāota	Chlorine
Papua Nūkini	Papua New Guinea
Hauhauhā	Argon
Nauru	Nauru
Konurehu	Potassium
Konupūmā	Calcium
Matā (konganuku)	Lead
Mongōria	Mongolia
Maine	Maine
Konukita	Chromium
Amsterdam	Amsterdam
Ekuatoa	Ecuador
Konukōreko	Nickel
Poriwia	Bolivia
Konukura	Copper
Konutea	Zinc
New Hampshire	New Hampshire
Leonardo da Vinci	Leonardo da Vinci
Massachusetts	Massachusetts
Connecticut	Connecticut
Hawai'i	Hawaii
Tōrehe	Jersey
Taumata-whakatangihanga-kōauau-a-Tamatea-pōkai-whenua-ki-tana-tahu	Taumatawhakatangihangakoauauotamateapokaiwhenuakitanatahu
Īrāna	Iran
Īrāki	Iraq
Alaska	Alaska
Reo Pōrana	Polish language
Florida	Florida
Arizona	Arizona
Oregon	Oregon
Utah	Utah
Marēhia	Malaysia
Pakitāne	Pakistan
Taiwana	Taiwan
Pūkane	Bromine
Whitināmu	Vietnam
Kōrea-ki-te-tonga	South Korea
Āwhekenetāna	Afghanistan
Tolkien	J. R. R. Tolkien
Pākaratēhi	Bangladesh
Anakora	Angola
Poronai	Brunei
Tānahia	Tanzania
Konuoi	Mercury (element)
Beijing	Beijing
Rārangi	List of lists of lists
Kini Ekuatoria	Equatorial Guinea
New Delhi	New Delhi
Tbilisi	Tbilisi
Kini Pihō	Guinea-Bissau
Kēpa Weriti	Cape Verde
Marakāhia	Madagascar
Mohapiki	Mozambique
Ukānga	Uganda
Ao Tomi me Pirinihipi	São Tomé and Príncipe
Carl Linnaeus	Carl Linnaeus
Kōpere	Rainbow
Tātai aro whenua	Geology
Ahmedabad	Ahmedabad
Prague	Prague
Kawata	Silver
Konu-okehu	Barium
Konuruke	Radium
Mumbai	Mumbai
Michigan	Michigan
Illinois	Illinois
North Dakota	North Dakota
South Dakota	South Dakota
Montana	Montana
Wyoming	Wyoming
Hiruharama (City)	Jerusalem
Giorgio Napolitano	Giorgio Napolitano
Idaho	Idaho
Washington	Washington (state)
Nevada	Nevada
Colorado	Colorado
Chicago	Chicago
Reo Pāniora	Spanish language
Philadelphia	Philadelphia
Kolkata	Kolkata
Chennai	Chennai
Delhi	Delhi
Dhaka	Dhaka
Bangalore	Bangalore
Hyderabad (India)	Hyderabad
Islamabad	Islamabad
Virginia	Virginia
West Virginia	West Virginia
New York	New York
Rhode Island	Rhode Island
Maryland	Maryland
Delaware	Delaware
Ohio	Ohio
Pennsylvania	Pennsylvania
Uetersen	Uetersen
New Jersey	New Jersey
Kāmaka	Gibraltar
Reo Hinerangi	Finnish language
Indiana	Indiana
Motokā	Car
Georgia (Amerika)	Georgia (U.S. state)
Zagreb	Zagreb
Texas	Texas
North Carolina	North Carolina
South Carolina	South Carolina
Buenos Aires	Buenos Aires
Tokyo	Tokyo
La Paz, Poriwia	La Paz
Mississippi	Mississippi
Tennessee	Tennessee
Astana	Astana
New Mexico	New Mexico
Ātene	Athens
Minnesota	Minnesota
Baghdad	Baghdad
Wisconsin	Wisconsin
Pune	Pune
Iowa	Iowa
Nebraska	Nebraska
Kansas	Kansas
Reo Hindi	Hindi
Missouri	Missouri
Louisiana	Louisiana
Kentucky	Kentucky
Arkansas	Arkansas
Reo Urdu	Urdu
Oklahoma	Oklahoma
Whiena	Vienna
Copenhagen	Copenhagen
Stockholm	Stockholm
Helsinki	Helsinki
Dublin	Dublin
Reykjavik	Reykjavík
Tallinn	Tallinn
Riga	Riga
Zanzibar	Zanzibar
Bratislava	Bratislava
Budapest	Budapest
Kaliningrad	Kaliningrad
Rakapuō (tāone matua)	Luxembourg (city)
Vaduz	Vaduz
Ho Chi Minh City	Ho Chi Minh City
Hanoi	Hanoi
Hāhi Tika o Ihu	True Jesus Church
Reo Pākehā	English language
Andorra la Vella	Andorra la Vella
Kuala Lumpur	Kuala Lumpur
Dong Hoi	Đồng Hới
Concepción	Concepción, Chile
Kieu	Kiev
Yerevan	Yerevan
Końskowola	Końskowola
Dar es Salaam	Dar es Salaam
2000	2000
2003	2003
2002	2002
2001	2001
2012	2012
2011	2011
2010	2010
2009	2009
2013	2013
2014	2014
2015	2015
2008	2008
2004	2004
2005	2005
2006	2006
2007	2007
1900	1900
1901	1901
1902	1902
1903	1903
1904	1904
1905	1905
1907	1907
1906	1906
1908	1908
1909	1909
1992	1992
1991	1991
1990	1990
1993	1993
1994	1994
1995	1995
1996	1996
1910	1910
1911	1911
1912	1912
1913	1913
1914	1914
1915	1915
1916	1916
1997	1997
1998	1998
1999	1999
1917	1917
1918	1918
1920	1920
1919	1919
1921	1921
1922	1922
Lund	Lund
1923	1923
1924	1924
Malmö	Malmö
Minsk	Minsk
Kurów	Kurów
Mātauranga matū	Chemistry
9 Poutū-te-rangi	March 9
Kristiansand	Kristiansand
1989	1989
1988	1988
1987	1987
1986	1986
1985	1985
1984	1984
1983	1983
1982	1982
1981	1981
1980	1980
23 Poutū-te-rangi	March 23
1970	1970
1971	1971
1972	1972
1973	1973
1974	1974
1975	1975
1976	1976
1977	1977
1978	1978
1979	1979
1969	1969
28 Paenga-whāwhā	April 28
14 Pipiri	June 14
10 Pipiri	June 10
8 Pipiri	June 8
5 Pipiri	June 5
4 Pipiri	June 4
1968	1968
1967	1967
1966	1966
1965	1965
1964	1964
16 Pipiri	June 16
27 Pipiri	June 27
24 Pipiri	June 24
21 Pipiri	June 21
2 Hōngongoi	July 2
1963	1963
26 Hakihea	December 26
1962	1962
IPad	IPad
Madrid	Madrid
Brasília	Brasília
Lima	Lima
Santiago	Santiago
Quito	Quito
Sucre	Sucre
Kānapera	Canberra
Ahi	Fire
Tehran	Tehran
Jakarta	Jakarta
Anakara	Ankara
1961	1961
Belgrade	Belgrade
Bissau	Bissau
Category:Tauira	Category:Wikipedia templates
Praia	Praia
1960	1960
Malabo	Malabo
Minden	Minden
Nicosia	Nicosia
Dodoma	Dodoma
Nairobi	Nairobi
Maputo	Maputo
Kampala	Kampala
Luanda	Luanda
Galicia	Galicia (Spain)
Antananarivo	Antananarivo
São Tomé	São Tomé
Asturias	Asturias
Wikipedia:Papa tākaro	Wikipedia:Sandbox
Cantabria	Cantabria
Aragon	Aragon
Arusha	Arusha
Curitiba	Curitiba
Corbin Bleu	Corbin Bleu
Reo Aymara	Aymara language
Moutere Faroe (Tenemāka)	Faroe Islands
Surat	Surat
1488	1488
Euro	Euro
Category:Moutere o Aotearoa	Category:Islands of New Zealand
Whakapono Karaitiana	Christianity
1004	1004
Aoraki	Aoraki / Mount Cook
Seattle	Seattle
Céline Dion	Celine Dion
Tāone matua	Capital city
Monzón	Monzón
Reo Pōtikī	Portuguese language
Marama (maramataka)	Month
1948	1948
1949	1949
Almazán	Almazán
Huang Xianfan	Huang Xianfan
Reo Runa Simi	Quechuan languages
1956	1956
1200	1200
1201	1201
1202	1202
1203	1203
1204	1204
1205	1205
1206	1206
1941	1941
1207	1207
1208	1208
1945	1945
1209	1209
1210	1210
1211	1211
1958	1958
1212	1212
1926	1926
1213	1213
1947	1947
1944	1944
1952	1952
Reo Hapani	Japanese language
Hau Kāinga	Main Page
1959	1959
1957	1957
1214	1214
1215	1215
1216	1216
1217	1217
1218	1218
1219	1219
1220	1220
1221	1221
1222	1222
1223	1223
1224	1224
1225	1225
1226	1226
1227	1227
1228	1228
1229	1229
1230	1230
1231	1231
1232	1232
1233	1233
1234	1234
1235	1235
1236	1236
1237	1237
1238	1238
1239	1239
1240	1240
1241	1241
1242	1242
1243	1243
1244	1244
1245	1245
1246	1246
1247	1247
1248	1248
1249	1249
1250	1250
1251	1251
1252	1252
1253	1253
1254	1254
1255	1255
1256	1256
1257	1257
1258	1258
1259	1259
1260	1260
1261	1261
1262	1262
1263	1263
1264	1264
1265	1265
1266	1266
1267	1267
1268	1268
1269	1269
1270	1270
1271	1271
1272	1272
1273	1273
1274	1274
1275	1275
1276	1276
1277	1277
1278	1278
1279	1279
1280	1280
1281	1281
1282	1282
1283	1283
1284	1284
1285	1285
1286	1286
1287	1287
1288	1288
1289	1289
1290	1290
1291	1291
1292	1292
1293	1293
1294	1294
1295	1295
1296	1296
1297	1297
1298	1298
1299	1299
Albrecht Dürer	Albrecht Dürer
Vincent van Gogh	Vincent van Gogh
Frida Kahlo	Frida Kahlo
Michelangelo	Michelangelo
Pablo Picasso	Pablo Picasso
Raphael	Raphael
Rembrandt	Rembrandt
Peter Paul Rubens	Peter Paul Rubens
Andy Warhol	Andy Warhol
1300	1300
1301	1301
1302	1302
1303	1303
1304	1304
1305	1305
Aaland (Hinerangi)	Åland Islands
Catalonia	Catalonia
1306	1306
1307	1307
1308	1308
1309	1309
1310	1310
1311	1311
1312	1312
1313	1313
Castile me León	Castile and León
1314	1314
1315	1315
1316	1316
1317	1317
Castile-La Mancha	Castilla-La Mancha
1318	1318
1319	1319
1320	1320
1321	1321
1322	1322
1323	1323
1324	1324
1325	1325
Extremadura	Extremadura
1326	1326
Andalusia	Andalusia
1327	1327
1328	1328
Islas Canarias	Canary Islands
Xi'an	Xi'an
Kabul	Kabul
1329	1329
Category:Mukua	Category:Candidates for speedy deletion
Medan	Medan
1330	1330
1331	1331
1332	1332
1333	1333
1334	1334
1335	1335
1336	1336
1337	1337
1338	1338
1339	1339
1340	1340
1341	1341
1342	1342
1343	1343
1344	1344
1345	1345
1346	1346
1347	1347
1348	1348
1349	1349
1350	1350
1351	1351
1400	1400
1401	1401
1352	1352
1402	1402
1353	1353
1403	1403
1354	1354
1404	1404
1355	1355
1405	1405
1500	1500
1406	1406
1356	1356
1501	1501
1407	1407
1357	1357
1502	1502
1408	1408
1358	1358
1503	1503
1359	1359
1409	1409
1504	1504
1360	1360
1410	1410
1505	1505
1506	1506
1411	1411
1361	1361
1507	1507
1412	1412
1362	1362
1413	1413
1508	1508
1363	1363
1509	1509
1414	1414
1510	1510
1415	1415
1364	1364
1511	1511
1416	1416
1365	1365
1512	1512
1417	1417
1366	1366
1513	1513
1418	1418
1367	1367
1514	1514
1419	1419
1368	1368
1515	1515
1420	1420
1369	1369
1516	1516
1421	1421
1370	1370
1371	1371
1372	1372
1373	1373
1422	1422
1517	1517
1423	1423
1518	1518
1374	1374
1424	1424
1375	1375
1519	1519
1376	1376
1425	1425
1520	1520
1521	1521
1377	1377
1426	1426
1522	1522
1523	1523
1427	1427
1378	1378
1524	1524
1525	1525
1428	1428
1379	1379
1526	1526
1429	1429
1380	1380
1381	1381
1382	1382
1383	1383
1430	1430
1431	1431
1384	1384
1432	1432
1385	1385
1386	1386
1433	1433
1387	1387
1434	1434
1435	1435
1388	1388
1436	1436
1389	1389
1437	1437
1390	1390
1438	1438
1391	1391
1439	1439
1392	1392
1440	1440
1393	1393
1394	1394
1395	1395
1441	1441
1396	1396
1397	1397
1442	1442
1527	1527
1528	1528
1398	1398
1443	1443
1444	1444
1529	1529
1399	1399
1445	1445
1530	1530
1446	1446
1531	1531
1447	1447
1532	1532
1448	1448
1533	1533
1449	1449
1534	1534
1450	1450
1535	1535
1451	1451
1536	1536
1452	1452
1537	1537
1453	1453
1538	1538
1454	1454
1539	1539
1455	1455
1540	1540
Category:Tātai arorangi	Category:Astronomy
1541	1541
1456	1456
1457	1457
1542	1542
1458	1458
1543	1543
1459	1459
1544	1544
1460	1460
1545	1545
1461	1461
1546	1546
1462	1462
1547	1547
1463	1463
1548	1548
1464	1464
1549	1549
1465	1465
1550	1550
1466	1466
1551	1551
1467	1467
1468	1468
1552	1552
1469	1469
1553	1553
1470	1470
1554	1554
1471	1471
1555	1555
1472	1472
1556	1556
1473	1473
1557	1557
1474	1474
1558	1558
1475	1475
1559	1559
1476	1476
1560	1560
1477	1477
1478	1478
1561	1561
1479	1479
1562	1562
1480	1480
1563	1563
1481	1481
1564	1564
1482	1482
1565	1565
1483	1483
1566	1566
1484	1484
1567	1567
1485	1485
1486	1486
1568	1568
1487	1487
1569	1569
1570	1570
1489	1489
1571	1571
1490	1490
1572	1572
1491	1491
1573	1573
1492	1492
1574	1574
Gustave Doré	Gustave Doré
1493	1493
1575	1575
1494	1494
1495	1495
1496	1496
1576	1576
1497	1497
1577	1577
1498	1498
1578	1578
1499	1499
1579	1579
1580	1580
1581	1581
1582	1582
1600	1600
1601	1601
1583	1583
1602	1602
1584	1584
1603	1603
1585	1585
1604	1604
1586	1586
1605	1605
1587	1587
1606	1606
1607	1607
1588	1588
1608	1608
1589	1589
1609	1609
1590	1590
1610	1610
1591	1591
1611	1611
1592	1592
1612	1612
1593	1593
1613	1613
1594	1594
1614	1614
1595	1595
1615	1615
1596	1596
1616	1616
1597	1597
1617	1617
1598	1598
1618	1618
1599	1599
1619	1619
1620	1620
1621	1621
1700	1700
1701	1701
1622	1622
1623	1623
1702	1702
1624	1624
1703	1703
1704	1704
1625	1625
1705	1705
1626	1626
1627	1627
1706	1706
1628	1628
1707	1707
1708	1708
1629	1629
1630	1630
1709	1709
1631	1631
1710	1710
1632	1632
1711	1711
1633	1633
1712	1712
1634	1634
1713	1713
1800	1800
1801	1801
1714	1714
1635	1635
1802	1802
1715	1715
1636	1636
1803	1803
1637	1637
1716	1716
1638	1638
1804	1804
1717	1717
1639	1639
1805	1805
1718	1718
1640	1640
1719	1719
1806	1806
1641	1641
1720	1720
1807	1807
1642	1642
1721	1721
1808	1808
1643	1643
1722	1722
1809	1809
1644	1644
1723	1723
1810	1810
1645	1645
1724	1724
Rautau 20	20th century
1811	1811
1646	1646
1725	1725
1812	1812
1647	1647
1726	1726
1813	1813
Rautau 21	21st century
1648	1648
1727	1727
1814	1814
1649	1649
1728	1728
1815	1815
1650	1650
1729	1729
1816	1816
Rautau 19	19th century
1651	1651
1730	1730
1817	1817
1652	1652
1731	1731
1818	1818
1653	1653
1732	1732
1819	1819
1654	1654
1733	1733
1820	1820
1655	1655
1821	1821
1734	1734
1656	1656
1822	1822
1735	1735
1657	1657
1823	1823
1736	1736
1658	1658
1737	1737
1824	1824
1659	1659
1738	1738
1825	1825
1660	1660
1739	1739
1826	1826
1661	1661
1740	1740
1827	1827
Rautau 18	18th century
Rautau 17	17th century
Rautau 16	16th century
Rautau 15	15th century
Rautau 14	14th century
Rautau 13	13th century
Rautau 12	12th century
Rautau 11	11th century
Mātauranga taupuhi kaiao	Ecology
Kāwanatanga	Government
Rārangi whenua	State (polity)
Kilimanjaro te maunga	Mount Kilimanjaro
Kāpene Kuki	James Cook
1828	1828
1829	1829
1741	1741
1662	1662
1742	1742
1830	1830
1663	1663
1831	1831
1743	1743
1664	1664
1665	1665
1744	1744
1832	1832
1666	1666
1745	1745
1833	1833
1667	1667
1746	1746
1834	1834
1668	1668
1747	1747
1835	1835
1748	1748
1836	1836
1669	1669
1670	1670
1749	1749
1837	1837
1671	1671
1750	1750
1838	1838
1672	1672
1751	1751
1839	1839
1673	1673
1752	1752
1840	1840
1674	1674
1753	1753
1841	1841
1754	1754
1675	1675
1842	1842
1755	1755
1676	1676
1843	1843
1677	1677
1756	1756
1844	1844
1678	1678
1757	1757
1845	1845
1679	1679
1758	1758
1846	1846
1680	1680
1759	1759
1847	1847
1681	1681
1760	1760
1848	1848
1682	1682
1761	1761
1849	1849
1683	1683
1762	1762
1850	1850
1684	1684
1763	1763
1851	1851
1764	1764
1685	1685
1852	1852
1686	1686
1765	1765
1853	1853
1687	1687
1766	1766
1854	1854
1688	1688
1767	1767
1855	1855
1689	1689
1768	1768
1856	1856
1690	1690
1769	1769
1857	1857
1691	1691
1770	1770
1858	1858
1692	1692
1771	1771
1859	1859
1693	1693
1772	1772
1860	1860
1773	1773
1861	1861
1694	1694
1695	1695
1774	1774
1862	1862
1696	1696
1775	1775
1863	1863
1697	1697
1776	1776
1864	1864
1698	1698
1865	1865
1777	1777
1699	1699
1866	1866
1778	1778
1779	1779
1867	1867
1780	1780
1868	1868
1781	1781
1869	1869
1782	1782
1870	1870
1783	1783
1871	1871
Ture	Law
1784	1784
1872	1872
1785	1785
1873	1873
1786	1786
1874	1874
1787	1787
1875	1875
1788	1788
1876	1876
1789	1789
1877	1877
1790	1790
1878	1878
1879	1879
1791	1791
1792	1792
1880	1880
1793	1793
1881	1881
1794	1794
1882	1882
1795	1795
1883	1883
1796	1796
1884	1884
1797	1797
1885	1885
1886	1886
1798	1798
1887	1887
1799	1799
1888	1888
1889	1889
1890	1890
1891	1891
Reo Swahili	Swahili language
1892	1892
1893	1893
1894	1894
1895	1895
1896	1896
1897	1897
1898	1898
1899	1899
Reo Malagasy	Malagasy language
Rautau 10	10th century
Rautau 9	9th century
Rautau 8	8th century
Rautau 7	7th century
Palembang	Palembang
Category:Wīwī	Category:France
Pāringa tīma	Handball
Hongipua	Hong Kong
Miami, Florida	Miami
Karachi	Karachi
Rio de Janeiro	Rio de Janeiro
Seoul	Seoul
Shanghai	Shanghai
Seville	Seville
Vigo	Vigo
A Coruña	A Coruña
Reo Aragon	Aragonese language
Reo Huitene	Swedish language
Reo Rituānia	Lithuanian language
Reo Farsi	Persian language
Reo Kōrea	Korean language
Reo Whitinamu	Vietnamese language
Reo Marēhia	Malay language
Reo Initonīhia	Indonesian language
Baku	Baku
Hiperu te reo	Hebrew language
Reo Galicia	Galician language
Moana nui	Ocean
Tony Blair	Tony Blair
Reo Bengali	Bengali language
Motu o Man	Isle of Man
Irihapeti te Tuarua	Elizabeth II
Ronald Reagan	Ronald Reagan
Serang	Serang
Tangerang	Tangerang
Bandung	Bandung
Bekasi	Bekasi
Depok	Depok
1100	1100
Ripanga pūmotu	Periodic table
Tórshavn	Tórshavn
Rākau	Tree
Lugo	Lugo
Nohoanga kawa ipurangi	IP address
Sarajevo	Sarajevo
Category:Parīhi	Category:Brazil
Waka rererangi	Aircraft
Surabaya	Surabaya
Shenyang	Shenyang
Chongqing	Chongqing
Tianjin	Tianjin
Lahore	Lahore
Wuhan	Wuhan
Nagoya	Nagoya
Pea	Bear
Kylie Minogue	Kylie Minogue
1101	1101
1102	1102
Maramataka	Calendar
Pontevedra	Pontevedra
1103	1103
1104	1104
Vikings	Vikings
2032	2032
2031	2031
2030	2030
2029	2029
2028	2028
2027	2027
1105	1105
Reo Ārapi	Arabic language
Santiago de Compostela	Santiago de Compostela
Santa Cruz de Tenerife	Santa Cruz de Tenerife
Moutere Aranga	Easter Island
La Serena	La Serena, Chile
Makassar	Makassar
Kuru	Breadfruit
Shenzhen	Shenzhen
Wikipedia:Kōrero	Wikipedia:Village pump
Busan	Busan
Vermont	Vermont
San Diego, Karapōnia	San Diego
San Jose, Karapōnia	San Jose, California
Phoenix, Arizona	Phoenix, Arizona
Jacksonville	Jacksonville, Florida
Guangzhou	Guangzhou
Nanjing	Nanjing
1925	1925
1927	1927
1000	1000
999	999
Douglas (Motu o Man)	Douglas, Isle of Man
1955	1955
1954	1954
1953	1953
1951	1951
1950	1950
1946	1946
1943	1943
1942	1942
1940	1940
1939	1939
1938	1938
1937	1937
1936	1936
1935	1935
1934	1934
1933	1933
1932	1932
1931	1931
1930	1930
1929	1929
Pyongyang	Pyongyang
Kawenata Hou	New Testament
Kūaka	Bar-tailed godwit
Hākoakoa	Brown skua
1001	1001
1002	1002
1003	1003
1005	1005
1006	1006
1007	1007
1008	1008
1009	1009
1010	1010
1011	1011
1012	1012
1013	1013
1014	1014
1015	1015
1016	1016
1017	1017
1018	1018
1019	1019
1020	1020
1021	1021
1022	1022
1023	1023
1024	1024
1025	1025
1026	1026
1027	1027
1028	1028
1029	1029
1030	1030
1031	1031
Bien Hoa	Biên Hòa City
1032	1032
1033	1033
1034	1034
1035	1035
1036	1036
1037	1037
1038	1038
1039	1039
1040	1040
1041	1041
1042	1042
1043	1043
1044	1044
1045	1045
1046	1046
1047	1047
1048	1048
1049	1049
1050	1050
1051	1051
1052	1052
1053	1053
1054	1054
1055	1055
1056	1056
1057	1057
1058	1058
1059	1059
1060	1060
1061	1061
1062	1062
1063	1063
1064	1064
1065	1065
1066	1066
1067	1067
1068	1068
1069	1069
1070	1070
1071	1071
1072	1072
1073	1073
1074	1074
1075	1075
1076	1076
1077	1077
1078	1078
1079	1079
1080	1080
1081	1081
1082	1082
1083	1083
1084	1084
1085	1085
1086	1086
1087	1087
1088	1088
1089	1089
1090	1090
1091	1091
1092	1092
1093	1093
1094	1094
1095	1095
1096	1096
1097	1097
Nha Trang	Nha Trang
1098	1098
1099	1099
1106	1106
1107	1107
1108	1108
1109	1109
1110	1110
1111	1111
1112	1112
1113	1113
1114	1114
1115	1115
1116	1116
1117	1117
1118	1118
1119	1119
1120	1120
1130	1130
1131	1131
Rafael Correa	Rafael Correa
1132	1132
1133	1133
1134	1134
1135	1135
1136	1136
1137	1137
1138	1138
1139	1139
1140	1140
1141	1141
1142	1142
1143	1143
1144	1144
1145	1145
1146	1146
1147	1147
1148	1148
1149	1149
1150	1150
1151	1151
1152	1152
1153	1153
1154	1154
1155	1155
1156	1156
1157	1157
1158	1158
1159	1159
Bucharest	Bucharest
1160	1160
1161	1161
1162	1162
1163	1163
1164	1164
1165	1165
1166	1166
1167	1167
1168	1168
1169	1169
1170	1170
1171	1171
1172	1172
1173	1173
Tirana	Tirana
1174	1174
1175	1175
1176	1176
1177	1177
1178	1178
1179	1179
1180	1180
1181	1181
1182	1182
1928	1928
1183	1183
1184	1184
1185	1185
1186	1186
1187	1187
1188	1188
1189	1189
1190	1190
1191	1191
1192	1192
1193	1193
1194	1194
1195	1195
1196	1196
1197	1197
1198	1198
1199	1199
Kawenata Tawhito	Old Testament
Tau pekerangi	Leap year
Lady Gaga	Lady Gaga
Taika	Tiger
Suwon	Suwon
Daejeon	Daejeon
Daegu	Daegu
Incheon	Incheon
Vung Tau	Vũng Tàu
Chişinău	Chișinău
GNU FDL	GNU Free Documentation License
Jean Auguste Dominique Ingres	Jean-Auguste-Dominique Ingres
Inoi a te Ariki	Lord's Prayer
930	930
985	985
1122	1122
981	981
939	939
950	950
996	996
980	980
900	900
1129	1129
988	988
Paltoga	Paltoga
Entrena	Entrena
Atlanta, Georgia	Atlanta
963	963
Podgorica	Podgorica
962	962
997	997
972	972
955	955
901	901
936	936
953	953
902	902
958	958
903	903
987	987
965	965
924	924
951	951
932	932
Te Whanga-nui-a-Tara	Wellington
967	967
989	989
960	960
969	969
957	957
1124	1124
971	971
937	937
992	992
990	990
899	899
975	975
942	942
966	966
1128	1128
959	959
973	973
982	982
974	974
976	976
979	979
986	986
919	919
998	998
995	995
977	977
1125	1125
Valletta	Valletta
934	934
929	929
1127	1127
940	940
912	912
984	984
954	954
918	918
961	961
946	946
968	968
983	983
964	964
1121	1121
1123	1123
933	933
915	915
970	970
911	911
993	993
991	991
994	994
898	898
944	944
907	907
943	943
945	945
922	922
905	905
941	941
925	925
928	928
948	948
947	947
949	949
926	926
909	909
931	931
938	938
917	917
914	914
920	920
913	913
935	935
906	906
916	916
Rārangi iwi	List of iwi
Pāuna	Pound sterling
Kōnihi	Guernsey
Motu Svalbard me Jan Mayen (Nōwei)	Svalbard
2016	2016
Ca Mau	Cà Mau
2019	2019
Da Nang	Da Nang
Uppsala	Uppsala
Gothenburg	Gothenburg
2017	2017
2018	2018
Pichilemu	Pichilemu
Aarhus	Aarhus
Odense	Odense
2020	2020
Aalborg	Aalborg
Helsingborg	Helsingborg
Västerås	Västerås
Linköping	Linköping
Jönköping	Jönköping
Stavanger	Stavanger
Kawau	Great cormorant
Karlstad	Karlstad
Mölnlycke	Mölnlycke
Umeå	Umeå
Norrköping	Norrköping
Örebro	Örebro
Trondheim	Trondheim
Longyearbyen	Longyearbyen
Tromsø	Tromsø
Växjö	Växjö
Esbjerg	Esbjerg
Sundsvall	Sundsvall
Drammen	Drammen
Roskilde	Roskilde
Fukuoka	Fukuoka
Bergen	Bergen
Kuki Airani	Cook Islands
Vejle	Vejle
Kolding	Kolding
Huahou	Red knot
Taranui	Caspian tern
Randers	Randers
Sandnes	Sandnes
Tara	White-fronted tern
Lahti	Lahti
Reo Asturias	Asturian language
Chengdu	Chengdu
904	904
921	921
923	923
1126	1126
956	956
952	952
978	978
Zhengzhou	Zhengzhou
910	910
908	908
896	896
897	897
927	927
Porinīhia Wīwī	French Polynesia
Waihopai	Invercargill
Kōtare	Sacred kingfisher
Drake (kaiwaiata)	Drake (rapper)
Valparaíso	Valparaíso
Reo León	Leonese dialect
Reo Tahiti	Tahitian language
Mošovce	Mošovce
Kyoto	Kyoto
Ture tekau	Ten Commandments
Tekau tau 1980	1980s
Tekau tau 1990	1990s
Gustav Klimt	Gustav Klimt
Hiroshima	Hiroshima
Tekau tau 2000	2000s (decade)
Rārangi whakataukī	Proverb
Noemi	Noemi (singer)
Nga Kaiwhakaatu o Ihowa	Jehovah's Witnesses
Pirihimana	Police
Pāremata	Parliament
Osaka	Osaka
Thanh Hoa	Thanh Hóa
Apia	Apia
Reo Kuruti	Kurdish languages
Reo Māori	Māori language
Karaj	Karaj
Reo Māori Kuki Airani	Cook Islands Māori
Reo Rapa Nui	Rapa Nui language
Arancón	Arancón
Salvador, Bahia	Salvador, Bahia
Tāmaki-makau-rau	Auckland
John Michael Talbot	John Michael Talbot
Paul Gauguin	Paul Gauguin
Kura Tuarua o Tāmaki-makau-rau	Auckland Grammar School
Milwaukee	Milwaukee
Sapporo	Sapporo
Moutere Galápagos	Galápagos Islands
Yokohama	Yokohama
Turku	Turku
Teide	Teide
Radio Studio 54 Network	Radio Studio 54 Network
Ágreda	Ágreda
Tekau tau	Decade
Édouard Manet	Édouard Manet
Tampere	Tampere
Tenerife	Tenerife
Johannes Vermeer	Johannes Vermeer
Ulsan	Ulsan
Gwangju	Gwangju
Edvard Munch	Edvard Munch
Tahiti	Tahiti
Isfahan	Isfahan
Seongnam	Seongnam
Reo Ingarihi Inamata	Old English
Harbin	Harbin
Guayaquil	Guayaquil
Kiwi	Kiwi
Montehermoso	Montehermoso
Córdoba, Porowini o Córdoba	Córdoba, Argentina
Mendoza, Porowini o Mendoza	Mendoza, Argentina
Fabaceae	Fabaceae
Herat	Herat
Kandahar	Kandahar
Whana	Bow and arrow
Edgar Degas	Edgar Degas
Iharaira Museum	Israel Museum
I. M. Pei	I. M. Pei
Espoo	Espoo
Oulu	Oulu
Titian	Titian
Lucknow	Lucknow
Template:Commonscat	Template:Commons category
Basra	Basra
Kobe	Kobe
Mariehamn	Mariehamn
Kīngitanga o Hura	Kingdom of Judah
Austronesian	Austronesian languages
2026	2026
2025	2025
Te Hunga Mahi	The Internationale
2024	2024
2023	2023
2022	2022
2021	2021
Kauhau i te Maunga	Sermon on the Mount
Ngā Manaakitanga	Beatitudes
Rosario, Porowini o Santa Fe	Rosario, Santa Fe
Cuenca, Ekuatoa	Cuenca, Ecuador
San Cristóbal de La Laguna	San Cristóbal de La Laguna
John Key	John Key
Shijiazhuang	Shijiazhuang
Reo Pashto	Pashto language
Te Tai-tokerau	Northland Region
Jaipur	Jaipur
Kanpur	Kanpur
Tarāpunga	Red-billed gull
Hōri Kerei	George Grey
Helmut Jahn	Helmut Jahn
Ōtautahi	Christchurch
Tabriz	Tabriz
Murasaki Shikibu	Murasaki Shikibu
A Coruña (porowini)	Province of A Coruña
Rōpū ripanga pūmotu	Group (periodic table)
Minita o te Karauna	Minister (government)
Mosul	Mosul
Polandball	Polandball
Changchun	Changchun
Kēhua i te Papa	Ghost in the Shell
Rawalpindi	Rawalpindi
Bob Hope	Bob Hope
Lugo (porowini)	Province of Lugo
Ourense (porowini)	Province of Ourense
Pontevedra (porowini)	Province of Pontevedra
Ourense	Ourense
Rovaniemi	Rovaniemi
Caspar David Friedrich	Caspar David Friedrich
Fredrikstad	Fredrikstad
Lili'uokalani	Liliuokalani
Sarpsborg	Sarpsborg
Kunduz	Kunduz
Guido Reni	Guido Reni
Kaesong	Kaesong
Chongjin	Chongjin
Hamhung	Hamhung
Wonsan	Wonsan
Nampho	Nampo
Matola	Matola
Mwanza	Mwanza
Wharekauri	Chatham Islands
Te Ika-a-Māui	North Island
Te Wai-pounamu	South Island
Mashhad	Mashhad
Tongariro	Mount Tongariro
Vaasa	Vaasa
Tūī	Tui (bird)
Vantaa	Vantaa
Meri Te Tai Mangakāhia	Meri Te Tai Mangakahia
Mazar-i-Sharif	Mazar-i-Sharif
Kōtuku	Great egret
Junichiro Koizumi	Junichiro Koizumi
Wikipedia:BookSources	Wikipedia:Book sources
Arbil	Erbil
Ōtepoti	Dunedin
Jyväskylä	Jyväskylä
Saitama (Saitama)	Saitama, Saitama
Šiauliai	Šiauliai
Mātuhituhi	Bushwren
Pīwauwau	New Zealand rockwren
Miromiro	Tomtit
Manawatū-Whanganui	Manawatu-Wanganui
Waikato	Waikato
Tauihu	Marlborough Region
Taranaki	Taranaki
Tūranga-nui-a-Kiwa	Gisborne District
Brixton	Brixton
Saint Helier	Saint Helier
Aparima	Riverton, New Zealand
Joan Miró	Joan Miró
Tanga	Tanga, Tanzania
Sinuiju	Sinuiju
Arequipa	Arequipa
Whakaheke ngaru	Surfing
Kuopio	Kuopio
Kāreti o Hato Pita	St Peter's College, Auckland
Kawasaki (Kanagawa)	Kawasaki, Kanagawa
Tōtara	Podocarpus totara
Calamus	Calamus (palm)
Frans Hals	Frans Hals
Najaf	Najaf
Santiago Calatrava	Santiago Calatrava
Akseli Gallen-Kallela	Akseli Gallen-Kallela
Santa Cruz de la Sierra	Santa Cruz de la Sierra
Nanchang	Nanchang
Kāhui o ‘Enata	Marquesas Islands
Kirkuk	Kirkuk
Faisalabad	Faisalabad
University Hiperu o Hiruharama	Hebrew University of Jerusalem
St Peter Port	Saint Peter Port
Whangaroa	Whangaroa
Toamasina	Toamasina
Poaka	Black-winged stilt
Kākāpō	Kakapo
Aotearoa Tuatahi	New Zealand First
Pori (Hinerangi)	Pori
Helen Clark	Helen Clark
Jørn Utzon	Jørn Utzon
Lappeenranta	Lappeenranta
Cochabamba	Cochabamba
Multan	Multan
Quetta	Quetta
Pūmotu rōpū 11	Group 11 element
Pita Sharples	Pita Sharples
Joensuu	Joensuu
Marae	Marae
Carl Larsson	Carl Larsson
Pūkeko	Purple swamphen
Whakamārama:Ngā kano	Help:Using colours
National Library o Iharaira	National Library of Israel
Jan Matejko	Jan Matejko
Utena	Utena
Horsens	Horsens
Bartolomé Esteban Murillo	Bartolomé Esteban Murillo
Ivan Shishkin	Ivan Shishkin
Kea	Kea
Tauragė	Tauragė
Henrikh Mkhitaryān	Henrikh Mkhitaryan
Sandy	Sandy (singer)
Kirikiriroa	Hamilton, New Zealand
Patungakore	Nonkilling
Tāmati Parāone	Thomas Gore Browne
E Ihowa Atua	God Defend New Zealand
Hämeenlinna	Hämeenlinna
Georges de la Tour	Georges de La Tour
Ahuriri	Napier, New Zealand
Kororā	Little penguin
Mažeikiai	Mažeikiai
Visaginas	Visaginas
Galdhøpiggen	Galdhøpiggen
Brooke Fraser	Brooke Fraser
Opononi	Opononi
Kouvola	Kouvola
Rōpū Nāhinara o Aotearoa	New Zealand National Party
Hoiho	Yellow-eyed penguin
Whakatū	Nelson, New Zealand
Huambo	Huambo
Émile Friant	Émile Friant
Tauranga-moana	Tauranga
Ivan Kramskoi	Ivan Kramskoi
Rotorua-nui-a-Kahu	Rotorua
Beira, Mozambique	Beira, Mozambique
Te Papa-i-oea	Palmerston North
Takahē	Takahē
Ngāmotu	New Plymouth
Ukmergė	Ukmergė
Aylesbury	Aylesbury
Pitiroi	Robert FitzRoy
Kebnekaise	Kebnekaise
John Bauer	John Bauer (illustrator)
Trujillo, Perū	Trujillo, Peru
Kisumu	Kisumu
Whitehall	Whitehall
Dartmoor	Dartmoor
Thomas Eakins	Thomas Eakins
Tītī	Sooty shearwater
Can Tho	Cần Thơ
Mahajanga	Mahajanga
Kuching	Kuching
Anggun	Anggun
Mombasa	Mombasa
Kīngitanga o Iharaira	Kingdom of Israel (Samaria)
Johor Bahru	Johor Bahru
Sei Shōnagon	Sei Shōnagon
Hanga Roa	Hanga Roa
Te Tai-rāwhiti	Gisborne, New Zealand
Mount Whitney	Mount Whitney
Koitareke	Baillon's crake
Awa	AWA
Motutapu	Motutapu Island
Nakuru	Nakuru
Morogoro	Morogoro
Gujranwala	Gujranwala
Khulna	Khulna
Changwon	Changwon
Kigoma	Kigoma
Heretaunga, takiwā	Hawke's Bay Region
Kuruwhengi	Australasian shoveler
Chiclayo	Chiclayo
Manatārua	Copyright
Rita Lee	Rita Lee
Ipoh	Ipoh
Moshi	Moshi, Tanzania
Pararā	Broad-billed prion
Huia	Huia
Waka	Waka
Rewarewa	Knightia excelsa
Miro	Prumnopitys ferruginea
Kānuka	Kunzea ericoides
Kōtukutuku	Fuchsia excorticata
Pōhutukawa	Metrosideros excelsa
Koromiko	Hebe (genus)
Kiekie	Kiekie (plant)
Houhere	Hoheria
Māhoe	Melicytus ramiflorus
Tāwhai raunui	Nothofagus fusca
Riroriro	Grey warbler
Ōi	Great-winged petrel
Tauhou	Silvereye
Agostino Carracci	Agostino Carracci
Andrew Wyeth	Andrew Wyeth
Bahawalpur	Bahawalpur
Eldoret	Eldoret
Rajshahi	Rajshahi
Nampula	Nampula
Mbeya	Mbeya
Savai'i	Savai'i
Kiore	Polynesian rat
Adelsteen Normann	Adelsteen Normann
Kāi Tahu	Ngāi Tahu
Chittagong	Chittagong
Almaluez	Almaluez
Dairy Flat	Dairy Flat
Kākā o Nōpoke	Norfolk kaka
Nyeri	Nyeri
Kiri Te Kanawa	Kiri Te Kanawa
John Michael Wright	John Michael Wright
Rimu	Dacrydium cupressinum
Aute	Paper mulberry
Matuku tai	Pacific reef heron
Matuku moana	White-faced heron
Korimako	New Zealand bellbird
Kaunihera ā-Rohe	Regional Council
Ahaura	Ahaura
Ahititi	Ahititi
Ahuroa	Ahuroa
Calamus rotang	Calamus rotang
Whio	Blue duck
Pipi	Pipi
Puka	Puka
Alytus	Alytus
Moa	Moa
Matariki	Matariki
Karauna	The Crown
Cabinda	Cabinda (city)
Tariana Turia	Tariana Turia
Te Atairangikaahu	Te Atairangikaahu
Minnie Pwerle	Minnie Pwerle
Georgina Beyer	Georgina Beyer
Whina Cooper	Whina Cooper
Keisha Castle-Hughes	Keisha Castle-Hughes
Sylhet	Sylhet
Francesco Melzi	Francesco Melzi
Tiriti o Waitangi	Treaty of Waitangi
Tuturuatu	Shore dotterel
Arthur's Pass	Arthur's Pass
Aliud	Aliud
Ferrol	Ferrol, Galicia
Kōhanga Reo	Māori language revival
Shah Alam	Shah Alam
Sariwon	Sariwon
Pāteke	Brown teal
Tanchon	Tanchon
Ngatea	Ngatea
Max Weber	Max Weber (artist)
Alexander Nikolayevich Samokhvalov	Alexander Nikolayevich Samokhvalov
Te Tai-poutini	West Coast, New Zealand
C. K. Stead	C. K. Stead
Te Hētana	Richard Seddon
Walter Burley Griffin	Walter Burley Griffin
Te Hopihona	William Hobson
Kumara Junction	Kumara, New Zealand
Gulu	Gulu
Antsirabe	Antsirabe
Tītīwainui	Fairy prion
Kāhu	Swamp harrier
Bukan	Bukan
Matau	Clutha River
Aotea	Aotea
Apirana Ngata	Apirana Ngata
Tsou	Tsou people
Malanje	Malanje
Pokotiwha	Fiordland penguin
Kākā	New Zealand kaka
Māwhai	Sicyos
Whatuwhiwhi	Whatuwhiwhi
Kūkuruatu	New Zealand plover
Hurricanes (tīma Super 14)	Hurricanes (rugby union)
Tītitipounamu	Rifleman (bird)
Kota Bharu	Kota Bharu
Waitaha	Canterbury, New Zealand
Te Tai-o-Aorere	Tasman District
Rārangi maunga	List of highest mountains
Clevedon	Clevedon
Guatimac	Guatimac
Huntingdon	Huntingdon
Kakī	Black stilt
Wairarapa	Wairarapa
Ōtākou	Otago
Machakos	Machakos
Rukai	Rukai people
Kaechon	Kaechon
Kōtuku ngutupapa	Royal spoonbill
Tāmaki-makau-rau (takiwā)	Auckland Region
Kapa Raiana	British and Irish Lions
Kėdainiai	Kėdainiai
Te Kooti	Te Kooti
Tāmati Wāka Nene	Tāmati Wāka Nene
Domenico di Bartolo	Domenico di Bartolo
Lawrence Makoare	Lawrence Makoare
Robert Peake	Robert Peake the Elder
Jonava	Jonava
Te Wao-nui-a-Tāne	List of trees native to New Zealand
Whangārei-terenga-paraoa	Whangarei
Rātā (Te Ika-a-Māui)	Metrosideros robusta
Pūtangitangi	Paradise shelduck
Barisal	Barisal
Toroa ingoingo	Southern royal albatross
Amokura	Red-tailed tropicbird
Kārearea	New Zealand falcon
Weka	Weka
Pārera	Pacific black duck
Tieke	Saddleback (bird)
Kōkako	Kōkako
Klaipėda	Klaipėda
Tākapu	Australasian gannet
Hūrepo	Australasian bittern
Pohoriki	Grey teal
Aviemore	Aviemore
Awanui	Awanui
Pīpīwharauroa	Shining bronze cuckoo
Takaparawhau	Bastion Point
Almarza	Almarza
Aldealices	Aldealices
Aldealafuente	Aldealafuente
Alentisque	Alentisque
Adradas	Adradas
Alconaba	Alconaba
Abejar	Abejar
Almajano	Almajano
Aldealpozo	Aldealpozo
Alcubilla de las Peñas	Alcubilla de las Peñas
Aldealseñor	Aldealseñor
Alcubilla de Avellaneda	Alcubilla de Avellaneda
Covaleda	Covaleda
Cerbón	Cerbón
Almazul	Almazul
Cidones	Cidones
Alpanseque	Alpanseque
Arcos de Jalón	Arcos de Jalón
Aldehuela de Periáñez	Aldehuela de Periáñez
Almenar de Soria	Almenar de Soria
Cigudosa	Cigudosa
Las Aldehuelas	Las Aldehuelas
Ciria	Ciria
Whēkau	Laughing owl
Toroa pango	Light-mantled albatross
Te Aupouri	Te Aupōuri
Takahikare	White-faced storm petrel
Rangiātea	Raiatea
VietJet Air	VietJet Air
Rārangi tīma Super Rugby	Super Rugby
Sargodha	Sargodha
Klang, Marēhia	Klang (city)
Pōpokotea	Whitehead (bird)
Ranguru	Chatham petrel
Te Arawa	Te Arawa
Petaling Jaya	Petaling Jaya
Murihiku	Southland, New Zealand
Subang Jaya	Subang Jaya
Waiharakeke	Blenheim, New Zealand
Tūheitia Paki	Tuheitia Paki
Tatarakihi	Graptopsaltria nigrofuscata
Ruru	Morepork
Pīwakawaka	New Zealand fantail
Whakamārama:Kuputohu	Help:Contents
Tāmaki-nui-a-Rua	Dannevirke
Broadwood	Broadwood, New Zealand
Brooklands	Brooklands
Poukawa	Lake Poukawa
Opua	Opua
Meru (Kenya)	Meru, Kenya
Māwhera	Greymouth
Kākāriki	Kākāriki
Hihi	Stitchbird
Kāeo	Kaeo
Albert Town	Albert Town, New Zealand
Kauri	Agathis australis
Kira (Ukānga)	Kira Town
Mauriceville	Mauriceville, Texas
Witi Ihimaera	Witi Ihimaera
N. C. Wyeth	N. C. Wyeth
Oromahoe	Oromahoe
Santo Domingo, Ekuatoa	Santo Domingo, Ecuador
Inangahua Junction (Tai-poutini)	Inangahua Junction
Whanganui	Whanganui
Awakairangi	Lower Hutt
Heretaunga	Hastings, New Zealand
Lira (Ukānga)	Lira, Uganda
Kaiwaka	Kaiwaka
Ohaeawai	Ohaeawai
Mbale	Mbale
Rakaia	Rakaia
Porirua	Porirua
Te Tihi-o-Maru	Timaru
Whakaata Māori	Māori Television
Te Aroha	Te Aroha
Haast	Haast, New Zealand
Te Reinga	Cape Reinga
Jim Anderton	Jim Anderton
Rōpū Reipa o Aotearoa	New Zealand Labour Party
Rārangi tāone o Aotearoa	List of towns in New Zealand
Toutouwai	New Zealand robin
Kōtātā	New Zealand fernbird
Ngāti Whātua	Ngāti Whātua
Peshawar	Peshawar
Mataī	Prumnopitys taxifolia
Karoro	Kelp gull
Ngāti Kahungunu	Ngāti Kahungunu
Kererū	New Zealand pigeon
Fox Glacier	Fox Glacier
Te Atua Mou E	Te Atua Mou E
Ture Reo Māori 1987	Maori Language Act 1987
Inanga	Inanga
Wikipedia:Kāinga māngai	Wikipedia:Embassy
Ampang Jaya, Selangor	Ampang, Selangor
Don Brash	Don Brash
Pohowera	Double-banded plover
Takuu	Takuu Atoll
Kaponga	Cyathea dealbata
Pākehā	Pākehā
Kōrure	Mottled petrel
Toroa (mokepūihi)	Shy albatross
Tōrea	South Island oystercatcher
Koekoeā	Pacific long-tailed cuckoo
Toanui	Flesh-footed shearwater
Ngā Puhi	Ngāpuhi
Kaunihera Tāone	District council
Marijampolė	Marijampolė
Kāmahi	Weinmannia racemosa
Orakei Korako	Orakei Korako
Aotea (moutere)	Great Barrier Island
Tōrangapū Māori	Māori Party
Whitianga	Whitianga
Winitana Pita	Winston Peters
Te Rauparaha	Te Rauparaha
Alan Duff	Alan Duff
Johannes Browallius	Johannes Browallius
Johan Christoffer Boklund	Johan Christoffer Boklund
George Gipps	George Gipps
Te Rangi Hīroa	Te Rangi Hīroa
Hōne Heke	Hone Heke
Category:Tiamana	Category:Germany
Category:Hononga-o-Amerika	Category:United States
Category:Rūhia	Category:Russia
Category:Kīngitanga Kotahi	Category:United Kingdom
Category:Pāniora	Category:Spain
Category:Haina	Category:China
Category:Nipono	Category:Japan
Category:Ahitereiria	Category:Australia
Category:Īnia	Category:India
Category:Iharaira	Category:Israel
Category:Īrāna	Category:Iran
Category:Aotearoa	Category:New Zealand
Category:Āketina	Category:Argentina
Aroha	Compassion
Te Horo	Te Horo
Mere	Mere (weapon)
Rangitoto	Rangitoto Island
Rārangi ingoa huaota	Flora of New Zealand
Tāwhai	Nothofagus menziesii
Ture Takutai Moana 2004	New Zealand foreshore and seabed controversy
Category:Āwhekenetāna	Category:Afghanistan
Category:Īrāki	Category:Iraq
Category:Pakitāne	Category:Pakistan
Category:Pōrana	Category:Poland
Category:Potukara	Category:Portugal
Category:Kōrea-ki-te-tonga	Category:South Korea
Category:Tānahia	Category:Tanzania
Category:Whitināmu	Category:Vietnam
Category:Maramara ngārara	Category:Reptiles
Category:Ika oneone	Category:Amphibians
Category:Manu	Category:Birds
Category:Tipu	Category:Plants
Category:Ahupūngao	Category:Physics
Category:Mātauranga koiora	Category:Biology
Category:Mātauranga matū	Category:Chemistry
Category:Mātai matawhenua	Category:Geography
Category:Whakapono	Category:Religion
Category:Pūtaiao	Category:Science
Category:Kotahitanga o Ūropi	Category:European Union
Rātā (Te Wai-pounamu)	Metrosideros umbellata
Tāra	New Zealand dollar
Albany Village	Albany, New Zealand
Mānuka	Leptospermum scoparium
Umawera	Umawera
Kākahi	Kakahi, New Zealand
Ralph Hotere	Ralph Hotere
Haupiri	Haupiri
Hawaiki	Hawaiki
Herekino	Herekino
Oruaiti	Oruaiti
Houhora	Houhora
Hyderabad (Pakistan)	Hyderabad, Sindh
Te Tari Tāke	Inland Revenue Department (New Zealand)
Iwi	Iwi
Panevėžys	Panevėžys
Waitaria Bay	Waitaria Bay
Te Tai-hauāuru	Te Tai Hauāuru
Te Kao	Te Kao
Kupe	Kupe
Māui	Māui (Māori mythology)
Pīpipi	Pipipi
Rārangi wānanga	Lists of universities and colleges
Pūriri	Puriri
Mapua	Mapua, New Zealand
Maromaku	Maromaku
Matakohe	Matakohe
Tim Finn	Tim Finn
Tītoki	Alectryon excelsus
Tawa	Beilschmiedia tawa
Taraire	Beilschmiedia tarairi
Category:Mātauranga taupuhi kaiao	Category:Ecology
Kahikatea	Dacrycarpus dacrydioides
Category:Tikanga maha	Category:Disambiguation pages
Ngataki	Ngataki
Ngāti Maniapoto	Ngāti Maniapoto
Ngāti Porou	Ngāti Porou
Ngāti Raukawa	Ngāti Raukawa
Ngāti Toa	Ngāti Toa
Māhoe raumātotoru	Melicytus crassifolius
Nīkau	Nikau
Omanaia	Omanaia
Pukepoto	Pukepoto
Pamapuria	Pamapuria
Paremoremo	Paremoremo
Peria	Peria, Northland
Granity	Granity
Albert Küchler	Albert Küchler
Toroa (Motu Ihupuku)	Campbell albatross
Rangiahua	Rangiahua
Hīnau	Elaeocarpus dentatus
Rahotu	Rahotu
Te Moana-a-Toi	Bay of Plenty Region
Telšiai	Telšiai
Moneymore	Moneymore
Taieri	Taieri River
Whakapapa	Whakapapa
Middle Valley	Middle Valley, Tennessee
Taupō-nui-a-Tia	Taupo
Tautoro	Tautoro
Te Hapua	Te Hapua
Antonio de Bellis	Antonio de Bellis
Waiharara	Waiharara
Punahau	Lake Horowhenua
Whangaruru	Whangaruru
Hera Hjartardóttir	Hera Hjartardóttir
Albury	Albury, New Zealand
Bankside	Bankside
Horoeka (taratara)	Pseudopanax ferox
Mobile Homer	Mobile Homer
Hututāwhai	Nothofagus truncata
David Martin (kaipeita)	David Martin (artist)
Category:Maramara	Category:Stubs
Category:Tirotiro	Category:Wikipedia categories
Category:Tau	Category:Years
Category:Mōhio	Category:Knowledge
Category:Rārangi	Category:Lists
Raupō taranga	Xeronema callistemon
Edmond Debeaumarché	Edmond Debeaumarché
Henry Sandham	Henry Sandham
Wikipedia:Rārangi-ā-pū	Portal:Contents/A–Z index
Kōwhai	Kōwhai
Te Wiki o te Reo Māori	Māori Language Week
Te Tangata Whai Rawa O Weniti	The Maori Merchant of Venice
Whau	Entelea
Calamus obovoideus	Calamus nambariensis
Ōnehunga	Onehunga
Puahou	Pseudopanax arboreus
Toetoe	Austroderia
Reo Takuu	Takuu language
Parekura Horomia	Parekura Horomia
Wimbledon	Wimbledon, New Zealand
Samuel Farr (kaihanga)	Samuel Farr (architect)
Baby do Brasil	Baby Consuelo
Luiza Possi	Luiza Possi
Houpara	Pseudopanax lessonii
Sergio Mattarella	Sergio Mattarella
Category:Ture	Category:Law
Category:Whenua	Category:Countries
Wikipedia:Kaiwhakahaere	Wikipedia:Administrators
Category:Tāngata	Category:People
Wikipedia:Ngā tono whakatū kaiwhakahaere	Wikipedia:Requests for adminship
Wikipedia:Bureaucrats	Wikipedia:Bureaucrats
Wikipedia:Karetao	Wikipedia:Bots
Category:Mātauranga huaota	Category:Botany
Kawaka	Libocedrus plumosa
Category:Mātauranga	Category:Education
Category:Toi	Category:Arts
Kaunas	Kaunas
Timi Kara	James Carroll (New Zealand politician)
Waimate North	Waimate North
Hāmiora Mangakāhia	Hamiora Mangakahia
Template:Bot	Template:Bot
Korokī	Korokī Mahuta
Kānata	Canada
Category:Hinerangi	Category:Finland
Category:Rituānia	Category:Lithuania
Category:Huitene	Category:Sweden
Category:Horowākia	Category:Slovakia
Wikipedia:Manatārua	Wikipedia:Copyrights
Wikipedia:About	Wikipedia:About
Wiremu Tāmihana	Wiremu Tamihana
Category:Ūropi	Category:Europe
Template:Documentation	Template:Documentation
Category:Kaiwhakahaere	Category:Wikipedia administrators
Mema Pāremata o Aotearoa	47th New Zealand Parliament
Wikipedia:Tomokanga hapori	Wikipedia:Community portal
Category:Reo-ā-kaimahi	Category:Wikipedians by language
Sung Jae-gi	Sung Jae-gi
Alford Forest	Alford Forest
Sunnynook	Sunnynook, New Zealand
Aotea (waka)	Aotea (canoe)
Aranga	Aranga, New Zealand
Arapohue	Arapohue
Ashers	Ashers
Auroa	Auroa
Template:Softredirect	Template:Soft redirect
Template:Mukua	Template:Db
Category:Wikipedia copyright	Category:Wikipedia copyright
Barrytown	Barrytown
Billy T James	Billy T. James
Category:Reo	Category:Languages
Category:Maramataka	Category:Calendars
Category:Wikipedia	Category:Wikipedia
Browns	Browns, New Zealand
Wikipedia:Tikanga tūmataiti	Wikipedia:Privacy policy
Wikipedia:Tikanga Wikipedia	Wikipedia:Manual of Style
Calamus australis	Calamus australis
Calamus gibbsianus	Calamus gibbsianus
Calamus compsostachys	Calamus compsostachys
Calamus egregius	Calamus egregius
Calamus tenuis	Calamus tenuis
Calamus wailong	Calamus wailong
Template:Navbox	Template:Navbox
Canvastown	Canvastown
Cardiff	Cardiff, New Zealand
Castlepoint	Castlepoint
Castor Bay	Castor Bay
Coatesville	Coatesville, New Zealand
Poari Hapori	Community Board
Coroglen	Coroglen
Crushington	Crushington, New Zealand
Mamaku	Cyathea medullaris
Mangeao	Litsea calicaris
Tōwai	Weinmannia silvicola
Maire tawake	Syzygium maire
Once Were Warriors	Once Were Warriors
Dipton	Dipton, New Zealand
Drummond	Drummond, New Zealand
Template:Tnavbar	Template:Navbar
Template:Loop	Template:Loop
Tānekaha	Phyllocladus trichomanoides
Template:Okina	Template:Okina
Template:Clear	Template:Clear
Template:Anchor	Template:Anchor
Fairhall	Fairhall
Finegand	Finegand, New Zealand
Manoao	Halocarpus kirkii
Pukanui	Meryta sinclairii
Category:Āwherika	Category:Africa
Category:Paipera	Category:Bible
Category:Pukapuka	Category:Books
Template:Reo kaimahi	Template:Babel
Template:Commons	Template:Commons
Template:Reflist	Template:Reflist
Fortification	Fortification, New Zealand
Karaka	Karaka (tree)
Wikipedia:Tikanga rapu	Help:Searching
Template:Maramara	Template:Stub
Template:User eo-1	Template:User eo-1
Template:User ca-1	Template:User ca-1
Template:User de	Template:User de
Template:User de-1	Template:User de-1
Template:User es	Template:User es
Template:User de-3	Template:User de-3
Template:User en-3	Template:User en-3
Template:User en-1	Template:User en-1
Template:User en-2	Template:User en-2
Template:User en-4	Template:User en-4
Template:User fi	Template:User fi
Template:User en	Template:User en
Template:User de-2	Template:User de-2
Template:User es-1	Template:User es-1
Georgina te Heuheu	Georgina te Heuheu
Template:User fr-1	Template:User fr-1
Template:User gl-1	Template:User gl-1
Template:User he-2	Template:User he-2
Template:User he-1	Template:User he-1
Template:User sk	Template:User sk
Template:User fr-2	Template:User fr-2
Template:User ja	Template:User ja
Template:User ja-1	Template:User ja-1
Template:User fr	Template:User fr
Glenbervie	Glenbervie, New Zealand
Glendhu Bay	Glendhu Bay
Template:User he	Template:User he
Gorge Road	Gorge Road
Category:Pēpeke	Category:Insects
Kāpuka	Griselinia littoralis
Category:Āhia	Category:Asia
Category:Hiri	Category:Chile
Category:Rautau 21	Category:21st century
Category:Porowini o Soria	Category:Province of Soria
Category:Amerika ki te Tonga	Category:South America
Category:User uk-N	Category:User uk-N
Template:Esoteric	Template:Intricate template
Category:Marēhia	Category:Malaysia
Template:Mod	Template:Mod
Grovetown	Grovetown, New Zealand
Template:User sv	Template:User sv
Template:User uk	Template:User uk
Category:User fr-1	Category:User fr-1
Template:Image label	Template:Image label
Category:Waiata	Category:National anthems
Template:USPoliticalDivisions	Template:United States political divisions
Template:Infobox Whenua	Template:Infobox country
Category:User en-4	Category:User en-4
Category:User en	Category:User en
Category:User en-2	Category:User en-2
Template:Protected title	Template:Protected title
Template:Documentation/start box	Template:Documentation/start box
Template:Documentation/end box2	Template:Documentation/end box2
Template:Documentation/start box2	Template:Documentation/start box2
Template:Template other	Template:Template other
Template:Legend	Template:Legend
Template:Country data	Template:Country data
Category:Māori	Category:Māori
Template:Pp-template	Template:Pp-template
Template:Infobox Settlement	Template:Infobox settlement
Category:Tumuaki	Category:Presidents
Category:Maunga	Category:Mountains
Template:User ru	Template:User ru
Category:Rautau 20	Category:20th century
Template:IPA	Template:IPA
Tāwhai pango	Nothofagus solandri var. solandri
Category:Washington	Category:Washington (state)
Template:Border	Template:Border
Template:Whenua o Te Ao-o-Kiwa	Template:Countries and territories of Oceania
Category:Rautau 19	Category:19th century
Template:User nl	Template:User nl
Hook	Hook, New Zealand
Template:Geobox coor	Template:Geobox coor
Horeke	Horeke
Horouta	Horouta
Huiakama	Huiakama
Huirangi	Huirangi
Ian Shearer	Ian Shearer
Template:Image label small	Template:Image label small
Category:North Carolina	Category:North Carolina
Category:Puerto Rico	Category:Puerto Rico
Category:User ja-N	Category:User ja-N
Jacobs River	Jacobs River, New Zealand
Māori	Māori people
Category:Pakihoe	Category:Spheniscidae
Template:Disambig	Template:Disambiguation
Category:South Carolina	Category:South Carolina
Template:Infobox U.S. state	Template:Infobox U.S. state
Joe Hawke	Joe Hawke
Template:Infobox Tangata	Template:Infobox person
John Tamihere	John Tamihere
Category:Wyoming	Category:Wyoming
Category:Galicia	Category:Galicia (Spain)
Category:User sk	Category:User sk
Category:User sl	Category:User sl
Category:User eo	Category:User eo
Category:User fr	Category:User fr
Category:User gl	Category:User gl
Category:User id	Category:User id
Category:User ja	Category:User ja
Category:User la	Category:User la
Category:User pt	Category:User pt
Category:User sv	Category:User sv
Category:User fr-3	Category:User fr-3
Category:User ja-3	Category:User ja-3
Category:User gl-1	Category:User gl-1
Category:User fr-2	Category:User fr-2
Category:User ja-2	Category:User ja-2
Category:User la-2	Category:User la-2
Category:User cs-N	Category:User cs-N
Category:User sl-N	Category:User sl-N
Category:User fr-N	Category:User fr-N
Category:User gl-N	Category:User gl-N
Category:User it-N	Category:User it-N
Category:User nl-N	Category:User nl-N
Category:User ru-N	Category:User ru-N
Kaihu	Kaihu
Kaimata	Kaimata
Kaipara Flats	Kaipara Flats
Kamo	Kamo, New Zealand
Kaniere	Kaniere
Kapuka South	Kapuka South
Karetu	Karetu
Kaukapakapa	Kaukapakapa
Kennedy Bay	Kennedy Bay
Category:User ca	Category:User ca
Category:User ca-1	Category:User ca-1
Category:User cs	Category:User cs
Category:Moutere	Category:Islands
Category:User sk-N	Category:User sk-N
Category:Maramara kararehe	Category:Animal stubs
Category:User de	Category:User de
Category:User de-2	Category:User de-2
Category:User de-3	Category:User de-3
Category:User de-N	Category:User de-N
Shiraz	Shiraz
Category:User en-3	Category:User en-3
Category:User en-N	Category:User en-N
Category:User eo-1	Category:User eo-1
Category:User es	Category:User es
Category:User es-1	Category:User es-1
Category:Ao Tomi me Pirinihipi	Category:São Tomé and Príncipe
Category:User fi	Category:User fi
Category:User fi-N	Category:User fi-N
Category:User he	Category:User he
Category:User he-1	Category:User he-1
Category:User he-2	Category:User he-2
Category:User he-3	Category:User he-3
Category:User he-4	Category:User he-4
Category:User he-5	Category:User he-5
Category:User he-N	Category:User he-N
Category:User id-1	Category:User id-1
Template:User la-3	Template:User la-3
Kohekohe	Kohekohe
Kohukohu	Kohukohu, New Zealand
Kokatahi	Kokatahi
Kokopu	Kokopu, New Zealand
Category:User pt-1	Category:User pt-1
Koromiko (Tauihu)	Koromiko, New Zealand
Kris Faafoi	Kris Faafoi
Category:User it	Category:User it
Category:User ja-1	Category:User ja-1
Category:User la-1	Category:User la-1
Category:User la-3	Category:User la-3
Category:User la-N	Category:User la-N
Category:Porinīhia	Category:Polynesia
Category:User ru-1	Category:User ru-1
Wikipedia:Babel	Wikipedia:Babel
Category:Poutū-te-rangi	Category:March
Category:User mi	Category:User mi
Category:User mi-1	Category:User mi-1
Category:User mi-2	Category:User mi-2
Category:User mi-3	Category:User mi-3
Category:User mi-4	Category:User mi-4
Category:Ingarangi	Category:England
South Titirangi	Titirangi
Leptecophylla juniperina	Leptecophylla juniperina
Category:1000	Category:1000
Category:Hāhi	Category:Church buildings
Category:Arecaceae	Category:Palms
Linkwater	Linkwater
Category:Oklahoma	Category:Oklahoma
Category:Lauraceae	Category:Lauraceae
Category:Laurales	Category:Laurales
Category:Massachusetts	Category:Massachusetts
Category:Tekau tau 1980	Category:1980s
Category:Tekau tau 1990	Category:1990s
Category:Tekau tau 2000	Category:2000s
Category:User pt-2	Category:User pt-2
Category:User ru	Category:User ru
Category:User ru-2	Category:User ru-2
Category:User ru-3	Category:User ru-3
Category:User sv-N	Category:User sv-N
Category:Reo Porinīhia	Category:Polynesian languages
Category:User wa	Category:User wa
Category:User wa-N	Category:User wa-N
Template:Spaces	Template:Spaces
Category:Kaipeita	Category:Painters
Category:Madrid	Category:Madrid
Rārangi kupu whakarite	List of political metaphors
Category:Rautau 11	Category:11th century
Category:Rautau 17	Category:17th century
Long Beach	Long Beach, New Zealand
Category:Rautau 10	Category:10th century
Template:Maramara ika oneone	Template:Amphibian-stub
Category:Rautau 7	Category:7th century
Template:Maramara kararehe	Template:Animal-stub
Category:Kōrero tuku iho	Category:Māori mythology
Template:Maramara manu	Template:Bird-stub
Kawakawa	Macropiper excelsum
Makahu	Makahu
Mangamuka	Mangamuka
Mangatoki	Mangatoki
Mangawhai	Mangawhai
Mangorei	Mangorei
Maniaiti Marae	Maniaiti Marae (Wallace Pā)
Big Manly	Manly, New Zealand
Marama	Marama
Marco	Marco, New Zealand
Marsden Bay	Marsden Bay, New Zealand
Category:Florida	Category:Florida
Matakana	Matakana
Matarau	Matarau
Matatoki	Matatoki
Matihetihe	Matihetihe
Maungakaramea	Maungakaramea
Maungatapere	Maungatapere
Template:Coord/dec2dms/dm	Template:Coord/dec2dms/dm
Category:Nevada	Category:Nevada
Category:Nebraska	Category:Nebraska
Category:North Dakota	Category:North Dakota
Category:New Mexico	Category:New Mexico
Category:New York	Category:New York
Category:New Jersey	Category:New Jersey
Category:New Hampshire	Category:New Hampshire
Category:Rhode Island	Category:Rhode Island
Category:Louisiana	Category:Louisiana
Category:Maryland	Category:Maryland
Category:Maine	Category:Maine
Category:Minnesota	Category:Minnesota
Category:Michigan	Category:Michigan
Category:Mississippi	Category:Mississippi
Category:Missouri	Category:Missouri
Category:Vermont	Category:Vermont
Category:Virginia	Category:Virginia
Category:South Dakota	Category:South Dakota
Category:Idaho	Category:Idaho
Category:Iowa	Category:Iowa
Category:Arkansas	Category:Arkansas
Category:Alaska	Category:Alaska
Category:Arizona	Category:Arizona
Category:Alabama	Category:Alabama
Category:Oregon	Category:Oregon
Category:Ohio	Category:Ohio
Category:West Virginia	Category:West Virginia
Category:Wisconsin	Category:Wisconsin
Category:Utah	Category:Utah
Category:Indiana	Category:Indiana
Category:Illinois	Category:Illinois
Category:Kansas	Category:Kansas
Category:Karapōnia	Category:California
Category:Kentucky	Category:Kentucky
Category:Connecticut	Category:Connecticut
Category:Colorado	Category:Colorado
Category:Texas	Category:Texas
Category:Pennsylvania	Category:Pennsylvania
Category:Hawai'i	Category:Hawaii
Template:IUCN2006	Template:IUCN2006
Category:Tāone o Aotearoa	Category:Populated places in New Zealand
Patē	Schefflera digitata
Mimi	Mimi, New Zealand
Hikina Whakatutuki	Ministry of Business, Innovation and Employment
Category:Kēnia	Category:Kenya
Category:Mohapiki	Category:Mozambique
Mokoia	Mokoia
Mokotua	Mokotua
Category:Delaware	Category:Delaware
Category:Georgia (Amerika)	Category:Georgia (U.S. state)
Category:Montana	Category:Montana
Motatau	Motatau
Category:Tennessee	Category:Tennessee
Pikirakatahi	Mount Earnslaw
Taupiri	Mount Taupiri
Category:Maramara manu	Category:Bird stubs
Te Taura Whiri i te Reo Māori	Māori Language Commission
Template:User he-0	Template:User he-0
Template:User he-3	Template:User he-3
Template:User he-4	Template:User he-4
Template:User ru-1	Template:User ru-1
Waipu	Waipu
Ngāi Te Rangi	Ngāi Te Rangi
Parakai	Parakai
Paparoa	Paparoa
Whare Tiriti	Treaty House
Category:Coord template	Category:Coord template
Category:User nl	Category:User nl
Ngaere	Ngaere
Ngamatapouri	Ngamatapouri
Category:Rautau 14	Category:14th century
Category:Rautau 13	Category:13th century
Category:Rautau 16	Category:16th century
Category:Rautau 12	Category:12th century
Category:Rautau 18	Category:18th century
Category:Rautau 8	Category:8th century
Ngunguru	Ngunguru
Ngā Rauru	Ngā Rauru
Ngāi Tūhoe	Ngāi Tūhoe
Ngāti Awa	Ngāti Awa
Ngāti Mahuta	Ngāti Mahuta
Ngāti Paoa	Ngāti Pāoa
Ngāti Ranginui	Ngāti Ranginui
Ngāti Ruanui	Ngāti Ruanui
Ngāti Rāhiri Tumutumu	Ngāti Rāhiri Tumutumu
Ngāti Tahu	Ngāti Tahu
Ngāti Tama	Ngāti Tama
Ngāti Tamaterā	Ngāti Tamaterā
Ngāti Tūwharetoa	Ngāti Tūwharetoa
Ngātoro-i-rangi	Ngātoro-i-rangi
Category:Pūmotu	Category:Chemical elements
Category:Maramara whakangote	Category:Mammal stubs
Norfolk	Norfolk, New Zealand
Category:Rautau 15	Category:15th century
Category:Kōrea-ki-te-raki	Category:North Korea
Ohangai	Ohangai
Okoia	Okoia
Category:Taiwana	Category:Taiwan
Omata	Omata
Onepu	Onepu
Category:Rautau 9	Category:9th century
Opoutere	Opoutere
Ōrākei	Orakei
Otaihanga	Otaihanga
Otaika	Otaika
Otanomomo	Otanomomo
Oteramika	Oteramika
Pakiri	Pakiri
Category:Hāmoa	Category:Samoa
Category:Nōwei	Category:Norway
Category:Papua Nūkini	Category:Papua New Guinea
Category:Perū	Category:Peru
Category:Poriwia	Category:Bolivia
Category:Ao-o-Kiwa	Category:Countries in Oceania
Paremata, Porirua	Paremata
Parua Bay	Parua Bay
Template:Wāhanga o Pāniora	Template:Administrative divisions of Spain
Pembroke	Pembroke, New Zealand
Peter Chin	Peter Chin
Category:Nauru	Category:Nauru
Pine Bush	Pine Bush, New Zealand
Pinehill	Pinehill, New Zealand
Pipiwai	Pipiwai
Parapara	Pisonia brunoniana
Category:Melanesia	Category:Melanesia
Category:Cantabria	Category:Cantabria
Category:Andalusia	Category:Andalusia
Category:Kura o Aotearoa	Category:Schools in New Zealand
Category:Nōta Amerika	Category:North America
Poroti	Poroti
Portland	Portland, New Zealand
Horoeka	Pseudopanax crassifolius
Pūkawa	Pukawa
Pukewao	Pukewao
Purerua	Purerua Peninsula
Purua	Purua
Rai Valley	Rai Valley
Ranginui Walker	Ranginui Walker
Rangitāne	Rangitāne
Ratapiko	Ratapiko
Rawene	Rawene
Rawhitiroa	Rawhitiroa
Red Beach	Red Beach
Category:Reo o Pāniora	Category:Languages of Spain
Rewi Maniapoto	Rewi Maniapoto
Riverhead	Riverhead, New Zealand
Riverlands	Riverlands
Romahapa	Romahapa
Rongomai	Rongomai
Rongowhakaata	Rongowhakaata
Rotherham	Rotherham, New Zealand
Ruatoki North	Ruatoki
Category:Hanoi	Category:Hanoi
Category:Waitaha	Category:Canterbury, New Zealand
Category:Catalonia	Category:Catalonia
Category:Maramara ika	Category:Fish stubs
Category:Maramara pēpeke	Category:Insect stubs
Hirini Moko Mead	Sidney Moko Mead
Template:Maramara ika	Template:Fish-stub
Silverdale	Silverdale, Auckland
Stanley Bay	Stanley Bay, New Zealand
Stanmore Bay	Stanmore Bay
Tame Iti	Tame Iti
Tangiteroria	Tangiteroria
Tangowahine	Tangowahine
Tapawera	Tapawera
Tapora	Tapora
Tapu	Tapu, New Zealand
Tauhoa	Tauhoa
Taumarere	Taumarere
Taupaki	Taupaki
Tauraroa	Tauraroa
Te Henga (Bethells Beach)	Te Henga (Bethells Beach)
Te Peka	Te Peka
Te Puru	Te Puru
Te Rerenga	Te Rerenga
Te Ruki Kawiti	Te Ruki Kawiti
Te Whakatōhea	Te Whakatōhea
Te Whānau-a-Apanui	Te Whānau-ā-Apanui
Te Āti Haunui-a-Pāpārangi	Te Āti Haunui-a-Pāpārangi
Category:Ika oneone o Aotearoa	Category:Amphibians of New Zealand
Tikorangi	Tikorangi
Timpanys	Timpanys
Tinopai	Tinopai
Titoki, Tai-tokerau	Titoki, New Zealand
Toko	Toko
Tomarata	Tomarata
Trojany	Trojany, Masovian Voivodeship
Uruti	Uruti
Waddington	Waddington, New Zealand
Waihi Village	Waihi Village
Waikare	Waikare
Waima	Waima, Northland
Waimahaka	Waimahaka
Waimangaroa	Waimangaroa
Waimatuku	Waimatuku
Waimauku	Waimauku
Wainui	Wainui
Waioneke	Waioneke
Waiotira	Waiotira
Waipātiki	Waipatiki
Waipatiki Beach	Waipatiki Beach
Waipiro Bay	Waipiro Bay
Waitoki	Waitoki
Waitoriki	Waitoriki
Waitotara	Waitotara
Weber	Weber, New Zealand
Whananaki	Whananaki
Whangape	Whangape Harbour
Whangarei Heads	Whangarei Heads
Whenuakite	Whenuakite
Whenuakura	Whenuakura
Woodhill	Woodhill, Auckland
Woodlands (Murihiku)	Woodlands, New Zealand
Category:Wikipedia tautoko-ā-reo	Category:Wikipedia multilingual coordination
Template:User mi-1	Template:User mi-1
Template:UF-hcard-geo	Template:UF-hcard-geo
Category:Tai-poutini	Category:West Coast, New Zealand
Template:Maramara whakangote	Template:Mammal-stub
Category:Waikato	Category:Waikato
Category:Maramara ika oneone	Category:Amphibian stubs
Category:Arecales	Category:Arecales genera
Category:Guanches	Category:Guanche
Category:AutoWikiBrowser	Category:AutoWikiBrowser
Category:Manu o Aotearoa	Category:Birds of New Zealand
Category:Calamus	Category:Calamus (palm)
Category:Ōtepoti	Category:Dunedin
Category:Taiao	Category:Environment
Category:Ericaceae	Category:Ericaceae
Category:Ericales	Category:Ericales
Category:Ika o Aotearoa	Category:Fish of New Zealand
Category:Porinīhia Wīwī	Category:French Polynesia
Category:Aotea (moutere)	Category:Great Barrier Island
Category:Pēpeke o Aotearoa	Category:Insects of New Zealand
Category:Maramara hātaretare	Category:Invertebrate stubs
Category:Hātaretare o Aotearoa	Category:Invertebrates of New Zealand
Category:Whakangote o Aoteroa	Category:Mammals of New Zealand
Category:Marae	Category:Marae in New Zealand
Category:Ngārara o Aoteroa	Category:Reptiles of New Zealand
Category:Tikanga Māori	Category:Māori culture
Category:Reo Māori	Category:Māori language
Category:Rio de Janeiro	Category:Rio de Janeiro (city)
Category:Ngā Rauru	Category:Ngā Rauru
Category:Kāi Tahu	Category:Ngāi Tahu
Category:Ngāi Te Rangi	Category:Ngāi Te Rangi
Category:Ngāi Tūhoe	Category:Ngāi Tūhoe
Category:Ngāti Awa	Category:Ngāti Awa
Category:Ngāti Kahungunu	Category:Ngāti Kahungunu
Category:Ngāti Mahuta	Category:Ngāti Mahuta
Category:Ngāti Maniapoto	Category:Ngāti Maniapoto
Category:Ngāti Ranginui	Category:Ngāti Ranginui
Category:Ngāti Raukawa	Category:Ngāti Raukawa
Category:Ngāti Ruanui	Category:Ngāti Ruanui
Category:Ngāti Tama	Category:Ngāti Tama
Category:Ngāti Toa	Category:Ngāti Toa
Category:Ngāti Tūwharetoa	Category:Ngāti Tūwharetoa
Category:Ngāti Whātua	Category:Ngāti Whātua
Category:Maramara tipu	Category:Plant stubs
Category:Ōtākou	Category:Otago
Category:Wai-pounamu	Category:South Island
Category:Moana	Category:Oceanography
Category:Ika-a-Māui	Category:North Island
Category:User gl-3	Category:User gl-3
Category:Tahiti	Category:Tahiti
Category:Poronai	Category:Brunei
Category:Kuki Airani	Category:Cook Islands
Template:Polynesia	Template:Polynesia
Template:Image label begin	Template:Image label begin
Wikipedia:Transwiki log	Wikipedia:Transwiki log
Category:Tāone	Category:Cities
Wikipedia:CommonsTicker	Wikipedia:CommonsTicker
Template:Maramara tipu	Template:Plant-stub
Category:User en-1	Category:User en-1
Category:User de-1	Category:User de-1
Category:Protected templates	Category:Wikipedia protected templates
Category:User gl-2	Category:User gl-2
Rārangi kano	List of colors (compact)
Template:Userbox-level	Template:Userbox-level
Template:Decimals	Template:Decimals
Template:NZCrownCopyright	Template:Non-free New Zealand Crown Copyright
Template:Kīngi Māori	Template:MaoriMonarchs
Manaia	Manaia, Waikato
Matapu	Matapu
Huapai	Huapai
Hukerenui	Hukerenui
Waituhi	Waituhi
Hikutaia	Hikutaia
Laingholm	Laingholm
Panguru	Panguru
Ngā Ruahine	Ngā Ruahine
Pakotai	Pakotai
Template:User he-5	Template:User he-5
Titiroa	Titiroa
Template:User mi-3	Template:User mi-3
Template:User mi-4	Template:User mi-4
Template:User mi-2	Template:User mi-2
Template:Takiwā o Aotearoa	Template:Regions of New Zealand
Template:Te Rohe Euro	Template:Eurozone labelled map
Template:Maramara ngārara	Template:Reptile-stub
Template:Maramara pēpeke	Template:Insect-stub
Wikipedia:AutoWikiBrowser/CheckPage	Wikipedia:AutoWikiBrowser/CheckPage
Template:Style/ril	Template:Style/ril
Lorde	Lorde
Template:Style/IPA	Template:Style/IPA
Template:Style/yid	Template:Style/yid
Herbs (pēne)	Herbs (band)
Kakaramea	Kakaramea
Template:Maramara hātaretare	Template:Invertebrate-stub
Template:Maramara matawhenua (Tai-poutini)	Template:WestCoastNZ-geo-stub
Wairau Valley	Wairau Valley
Special:RecentChanges	Special:RecentChanges
Module:HtmlBuilder	Module:HtmlBuilder
Module:Navbox	Module:Navbox
2014 Kunming Railway Station tutu whakaeke kaiwhakatuma	2014 Kunming attack
